{"D_1": {"T_101": 2997.7037917539983, "T_101_D": 0.34867844010000015, "T_102": 0.34867844010000015, "T_102_D": 0.34867844010000015, "T_103": 573.7579192157758, "T_103_D": 0.34867844010000015}, "T_101": {"D_1": 0.34867844010000015, "T_101_D": 2663.026432810512, "T_102": 335.9905987613843, "T_102_D": 0.34867844010000015, "T_103": 572.7933578379782, "T_103_D": 0.34867844010000015}, "T_101_D": {"D_1": 0.34867844010000015, "T_101": 0.34867844010000015, "T_102": 2186.917351566387, "T_102_D": 38.380908118343996, "T_103": 302.3189198095426, "T_103_D": 35.55968438190594}, "T_102": {"D_1": 0.34867844010000015, "T_101": 0.34867844010000015, "T_101_D": 38.380908118343996, "T_102_D": 3408.1920430196164, "T_103": 125.23743827191413, "T_103_D": 0.34867844010000015}, "T_102_D": {"D_1": 0.34867844010000015, "T_101": 346.41927004940464, "T_101_D": 790.3903400512281, "T_102": 0.34867844010000015, "T_103": 1998.4001111548632, "T_103_D": 0.34867844010000015}, "T_103": {"D_1": 0.34867844010000015, "T_101": 0.34867844010000015, "T_101_D": 0.34867844010000015, "T_102": 35.55968438190594, "T_102_D": 0.34867844010000015, "T_103_D": 3535.902026587868}, "T_103_D": {"D_1": 0.34867844010000015, "T_101": 227.68732760647123, "T_101_D": 80.36138686989057, "T_102": 1013.6914331402969, "T_102_D": 125.23743827191413, "T_103": 0.34867844010000015}}