{"D_1": {"T_101": 2277.66763465778, "T_101_D": 0.34867844010000015, "T_102": 471.5565592141652, "T_102_D": 0.34867844010000015, "T_103": 241.2006219712306, "T_103_D": 0.34867844010000015}, "T_101": {"D_1": 0.34867844010000015, "T_101_D": 1382.7796246405078, "T_102": 32.97807266580993, "T_102_D": 0.34867844010000015, "T_103": 1540.776918133474, "T_103_D": 34.23887884348375}, "T_101_D": {"D_1": 0.34867844010000015, "T_101": 0.34867844010000015, "T_102": 676.7268919849723, "T_102_D": 0.34867844010000015, "T_103": 1001.2386824258685, "T_103_D": 1202.0261535080906}, "T_102": {"D_1": 0.34867844010000015, "T_101": 0.34867844010000015, "T_101_D": 0.34867844010000015, "T_102_D": 2989.727458962975, "T_103": 0.34867844010000015, "T_103_D": 0.34867844010000015}, "T_102_D": {"D_1": 0.34867844010000015, "T_101": 471.5565592141652, "T_101_D": 80.20587922298236, "T_102": 0.34867844010000015, "T_103": 207.55727175270206, "T_103_D": 435.6280982689865}, "T_103": {"D_1": 0.34867844010000015, "T_101": 241.2006219712306, "T_101_D": 1430.3438302092304, "T_102": 0.34867844010000015, "T_102_D": 0.34867844010000015, "T_103_D": 1318.8803636627151}, "T_103_D": {"D_1": 0.34867844010000015, "T_101": 0.34867844010000015, "T_101_D": 97.44416021055531, "T_102": 1809.5119704183287, "T_102_D": 0.34867844010000015, "T_103": 0.34867844010000015}}