{"D_1": {"T_101": 3621.9236845235027, "T_101_D": 0.34867844010000015, "T_102": 0.34867844010000015, "T_102_D": 0.34867844010000015, "T_103": 36.881297560007916, "T_103_D": 0.34867844010000015}, "T_101": {"D_1": 0.34867844010000015, "T_101_D": 2781.2946480543537, "T_102": 0.34867844010000015, "T_102_D": 0.34867844010000015, "T_103": 840.9777149092497, "T_103_D": 36.881297560007916}, "T_101_D": {"D_1": 0.34867844010000015, "T_101": 0.34867844010000015, "T_102": 2602.516989162785, "T_102_D": 32.40856051410637, "T_103": 179.1263373316685, "T_103_D": 44.06253528088508}, "T_102": {"D_1": 0.34867844010000015, "T_101": 0.34867844010000015, "T_101_D": 0.34867844010000015, "T_102_D": 3553.3401011471233, "T_103": 36.34864123859447, "T_103_D": 69.46491813789268}, "T_102_D": {"D_1": 0.34867844010000015, "T_101": 0.34867844010000015, "T_101_D": 845.4504519551513, "T_102": 0.34867844010000015, "T_103": 2566.517026364291, "T_103_D": 89.31764991124184}, "T_103": {"D_1": 0.34867844010000015, "T_101": 36.881297560007916, "T_101_D": 0.34867844010000015, "T_102": 202.1477464498196, "T_102_D": 0.34867844010000015, "T_103_D": 3420.1246165137836}, "T_103_D": {"D_1": 0.34867844010000015, "T_101": 0.34867844010000015, "T_101_D": 32.40856051410637, "T_102": 854.4889249110065, "T_102_D": 73.40499886238078, "T_103": 0.34867844010000015}}